{"cameraMode":{"drawMode":0,"name":"Shaded","section":"Shading Mode"},"sceneLighting":false,"audioPlay":false,"sceneViewState":{"m_AlwaysRefresh":false,"showFog":false,"showSkybox":false,"showFlares":true,"showImageEffects":true,"showParticleSystems":true,"showVisualEffectGraphs":true,"m_FxEnabled":true},"in2DMode":false,"pivot":{"x":-0.004599999636411667,"y":0.04639999940991402,"z":1.480299949645996},"rotation":{"x":-0.1562061756849289,"y":-0.793699324131012,"z":0.22892658412456513,"w":-0.5415765643119812},"size":0.012247443199157715,"orthographic":false}