{"cameraMode":{"drawMode":0,"name":"Shaded","section":"Shading Mode"},"sceneLighting":true,"audioPlay":false,"sceneViewState":{"m_AlwaysRefresh":false,"showFog":false,"showSkybox":false,"showFlares":true,"showImageEffects":true,"showParticleSystems":true,"showVisualEffectGraphs":true,"m_FxEnabled":true},"in2DMode":false,"pivot":{"x":1.0389211177825928,"y":3.581806182861328,"z":-11.375191688537598},"rotation":{"x":-0.22051572799682618,"y":-0.11095654964447022,"z":0.02524934522807598,"w":-0.9687771201133728},"size":1.8984516859054566,"orthographic":false}