{"cameraMode":{"drawMode":0,"name":"Shaded","section":"Shading Mode"},"sceneLighting":true,"audioPlay":false,"sceneViewState":{"m_AlwaysRefresh":false,"showFog":false,"showSkybox":false,"showFlares":true,"showImageEffects":true,"showParticleSystems":true,"showVisualEffectGraphs":true,"m_FxEnabled":true},"in2DMode":false,"pivot":{"x":4.7961320877075199,"y":-1.1443886756896973,"z":-4.995929718017578},"rotation":{"x":-0.12149146944284439,"y":0.019322670996189119,"z":-0.00234796735458076,"w":-0.9924565553665161},"size":8.371686935424805,"orthographic":false}