{"cameraMode":{"drawMode":0,"name":"Shaded","section":"Shading Mode"},"sceneLighting":true,"audioPlay":false,"sceneViewState":{"m_AlwaysRefresh":false,"showFog":false,"showSkybox":false,"showFlares":true,"showImageEffects":true,"showParticleSystems":true,"showVisualEffectGraphs":true,"m_FxEnabled":true},"in2DMode":false,"pivot":{"x":-3.4574368000030519,"y":3.820786714553833,"z":1.8596261739730836},"rotation":{"x":-0.20643243193626405,"y":-0.08940692245960236,"z":0.018950771540403367,"w":-0.9742165803909302},"size":6.363643646240234,"orthographic":false}