{"cameraMode":{"drawMode":0,"name":"Shaded","section":"Shading Mode"},"sceneLighting":true,"audioPlay":false,"sceneViewState":{"m_AlwaysRefresh":false,"showFog":false,"showSkybox":false,"showFlares":true,"showImageEffects":true,"showParticleSystems":true,"showVisualEffectGraphs":true,"m_FxEnabled":true},"in2DMode":false,"pivot":{"x":-9.755833625793457,"y":33.923274993896487,"z":24.159530639648439},"rotation":{"x":-0.34721389412879946,"y":0.06739747524261475,"z":-0.024878820404410363,"w":-0.9351451992988586},"size":0.8660253882408142,"orthographic":false}